file_name,file_type,location,chunk_number,manual
mammal.pdf,pdf,0,0,"ペットマニュアル
  2024
ペットマニュアルサブタイトル
YUSUKE SAKAHARA
[会社名 ] |[会社の住所 ]"
mammal.pdf,pdf,1,1,"1
 目次
ペットマニュアル  ................................ ................................ ................................ .....................  0
第1章 犬の種類  ................................ ................................ ................................ .........  3
1.1 小型犬 の種類 ................................ ................................ ................................ ...... 3
1.2 中型犬 の種類 ................................ ................................ ................................ ...... 3
1.3 大型犬 の種類 ................................ ................................ ................................ ...... 3
第2章 犬の飼い方 ................................ ................................ ................................ ...........  5
2.1 基本的 なケア  ................................ ................................ ................................ ..........  5
2.2 食事 の管理  ................................ ................................ ................................ .............  5
2.3 トレーニング 方法  ................................ ................................ ................................ .. 5
第3章 猫の種類 ................................ ................................ ................................ ...............  7
3.1 短毛種 の猫 ................................ ................................ ................................ .............  7
3.2 長毛種 の猫 ................................ ................................ ................................ .............  7"
mammal.pdf,pdf,2,2,2
mammal.pdf,pdf,3,3,3
mammal.pdf,pdf,3,4,"第1章 犬の種類
犬にはさまざまな 種類 があり、それぞれに 特徴 や性格 が異なります 。 本章 では、 小型
犬、中型犬、大型犬 の種類 について 詳しく 説明 します 。"
mammal.pdf,pdf,3,5,"1.1 小型犬 の種類
小型犬 は、その 小さな 体と愛らしい 外見 で多くの 人々 に愛されています 。 代表的 な小
型犬 には、 チワワ 、ポメラニアン 、ダックスフント などがあります 。これらの 犬種 は、
一般的 に室内 で飼うのに 適しており、 飼いやすいとされています 。"
mammal.pdf,pdf,3,6,"1.2 中型犬 の種類
中型犬 は、 小型犬 と大型犬 の中間 に位置 する 犬種 です 。 代表的 な中型犬 には、 ビーグ
ル、 柴犬、 コッカースパニエル などがあります 。 中型犬 は、 比較的 エネルギッシュ で
あり、 散歩 や運動 が必要 です 。"
mammal.pdf,pdf,3,7,"1.3 大型犬 の種類
大型犬 は、その 大きな 体と力強 さで 知られています 。 代表的 な大型犬 には、 ゴールデ"
mammal.pdf,pdf,4,8,"4
 ンレトリバー、ラブラドールレトリバー、ジャーマンシェパード などがあります 。 大
型犬 は、 広いスペース や十分 な運動 が必要 であり、しっかりとした トレーニング が求
められます 。"
mammal.pdf,pdf,5,9,"5
 第2章 犬の飼い方
犬を飼うには、 基本的 なケア 、 食事 の管理、 トレーニング 方法 を理解 することが 重要
です 。 本章 では、 犬を健康 で幸せに 保つための 基本的 な方法 について 説明 します 。"
mammal.pdf,pdf,5,10,"2.1 基本的 なケア
犬の基本的 なケア には、 定期的 なブラッシング 、シャンプー、 爪切 り、 耳掃除 などが
含まれます 。これらの ケア を怠らないことで、 犬の健康 を維持 し、 快適 な生活 を提供
することができます 。"
mammal.pdf,pdf,5,11,"2.2 食事の管理
犬の健康 を保つためには、 適切 な食事 の管理 が必要 です 。 バランス の取れた 食事 を与
えること、 食事 の量や回数 を適切 に調整 すること、そして 新鮮 な水を常に用意 するこ
とが 大切 です 。"
mammal.pdf,pdf,5,12,"2.3 トレーニング 方法
犬のトレーニング は、 基本的 なコマンド を教えることから 始めます 。お 座り、 待て、
来い、 伏せなどの 基本的 なトレーニング を行うことで、 犬の行動 をコントロール しや"
mammal.pdf,pdf,6,13,"6
 すくなります 。また、 トレーニング を通じて、 犬との 信頼関係 を築くことができま
す。"
mammal.pdf,pdf,7,14,7
mammal.pdf,pdf,7,15,"第3章 猫の種類
猫にはさまざまな 種類 があり、それぞれに 異なる 毛質 や性格 があります 。 本章 では、
短毛種 と長毛種 の猫について 詳しく 説明 します 。"
mammal.pdf,pdf,7,16,"3.1 短毛種 の猫
短毛種 の猫は、 手入 れが 比較的簡単 で、 多くの 人々 に人気 があります 。 代表的 な短毛
種の猫には、 アメリカンショートヘア 、ブリティッシュショートヘア 、ロシアンブルー
などがあります 。これらの 猫は、 活発 で遊び好きな 性格 が特徴 です 。"
mammal.pdf,pdf,7,17,"3.2 長毛種 の猫
長毛種 の猫は、その 美しい 長い毛が特徴 です 。 代表的 な長毛種 の猫には、 ペルシャ、
メインクーン 、ラグドール などがあります 。 長毛種 の猫は、 定期的 なブラッシング が必
要で、 毛玉 にならないように 注意 が必要 です 。"
