"file_name","file_type","location","chunk_number","manual"
"mammal.pdf","pdf","0","0","ペットマニュアル 
 2024 
ペットマニュアルサブタイトル 
YUSUKE SAKAHARA 
[会社名 ] |[会社の住所 ]"
"mammal.pdf","pdf","1","1","1
目次
ペットマニュアル.....................................................................................................................0
第1章犬の種類.........................................................................................................3
1.1小型犬の種類......................................................................................................3
1.2中型犬の種類......................................................................................................3
1.3大型犬の種類......................................................................................................3
第2章犬の飼い方...........................................................................................................5
2.1基本的なケア..........................................................................................................5
2.2食事の管理.............................................................................................................5
2.3トレーニング方法..................................................................................................5
第3章猫の種類...............................................................................................................7
3.1短毛種の猫.............................................................................................................7
3.2長毛種の猫.............................................................................................................7"
"mammal.pdf","pdf","2","2","2"
"mammal.pdf","pdf","3","3","3

第1章犬の種類
犬にはさまざまな種類があり、それぞれに特徴や性格が異なります。本章では、小型
犬、中型犬、大型犬の種類について詳しく説明します。"
"mammal.pdf","pdf","3","4","1.1小型犬の種類
小型犬は、その小さな体と愛らしい外見で多くの人々に愛されています。代表的な小
型犬には、チワワ、ポメラニアン、ダックスフントなどがあります。これらの犬種は、
一般的に室内で飼うのに適しており、飼いやすいとされています。"
"mammal.pdf","pdf","3","5","1.2中型犬の種類
中型犬は、小型犬と大型犬の中間に位置する犬種です。代表的な中型犬には、ビーグ
ル、柴犬、コッカースパニエルなどがあります。中型犬は、比較的エネルギッシュで
あり、散歩や運動が必要です。"
"mammal.pdf","pdf","3","6","1.3大型犬の種類
大型犬は、その大きな体と力強さで知られています。代表的な大型犬には、ゴールデ"
"mammal.pdf","pdf","4","7","4
ンレトリバー、ラブラドールレトリバー、ジャーマンシェパードなどがあります。大
型犬は、広いスペースや十分な運動が必要であり、しっかりとしたトレーニングが求
められます。"
"mammal.pdf","pdf","5","8","5
第2章犬の飼い方
犬を飼うには、基本的なケア、食事の管理、トレーニング方法を理解することが重要
です。本章では、犬を健康で幸せに保つための基本的な方法について説明します。"
"mammal.pdf","pdf","5","9","2.1基本的なケア
犬の基本的なケアには、定期的なブラッシング、シャンプー、爪切り、耳掃除などが
含まれます。これらのケアを怠らないことで、犬の健康を維持し、快適な生活を提供
することができます。"
"mammal.pdf","pdf","5","10","2.2食事の管理
犬の健康を保つためには、適切な食事の管理が必要です。バランスの取れた食事を与
えること、食事の量や回数を適切に調整すること、そして新鮮な水を常に用意するこ
とが大切です。"
"mammal.pdf","pdf","5","11","2.3トレーニング方法
犬のトレーニングは、基本的なコマンドを教えることから始めます。お座り、待て、
来い、伏せなどの基本的なトレーニングを行うことで、犬の行動をコントロールしや"
"mammal.pdf","pdf","6","12","6
すくなります。また、トレーニングを通じて、犬との信頼関係を築くことができま
す。"
"mammal.pdf","pdf","7","13","7

第3章猫の種類
猫にはさまざまな種類があり、それぞれに異なる毛質や性格があります。本章では、
短毛種と長毛種の猫について詳しく説明します。"
"mammal.pdf","pdf","7","14","3.1短毛種の猫
短毛種の猫は、手入れが比較的簡単で、多くの人々に人気があります。代表的な短毛
種の猫には、アメリカンショートヘア、ブリティッシュショートヘア、ロシアンブルー
などがあります。これらの猫は、活発で遊び好きな性格が特徴です。"
"mammal.pdf","pdf","7","15","3.2長毛種の猫
長毛種の猫は、その美しい長い毛が特徴です。代表的な長毛種の猫には、ペルシャ、
メインクーン、ラグドールなどがあります。長毛種の猫は、定期的なブラッシングが必
要で、毛玉にならないように注意が必要です。"
